month,target_eur
2023-01-01,25300.0
2023-02-01,17400.0
2023-03-01,22300.0
2023-04-01,19100.0
2023-05-01,21100.0
2023-06-01,20300.0
2023-07-01,30500.0
2023-08-01,22800.0
2023-09-01,29400.0
2023-10-01,36100.0
2023-11-01,27400.0
2023-12-01,28800.0
2024-01-01,28000.0
2024-02-01,16500.0
2024-03-01,23800.0
2024-04-01,22300.0
2024-05-01,24000.0
2024-06-01,23300.0
2024-07-01,33200.0
2024-08-01,23100.0
2024-09-01,31100.0
2024-10-01,46100.0
2024-11-01,24300.0
2024-12-01,31900.0
2025-01-01,22700.0
2025-02-01,23100.0
2025-03-01,24100.0
2025-04-01,20700.0
2025-05-01,23100.0
2025-06-01,23500.0
2025-07-01,30300.0
2025-08-01,22500.0
2025-09-01,23600.0
2025-10-01,21400.0
2025-11-01,27100.0
2025-12-01,33500.0
